,customer_id,Name,Age,Gender,national/International
0,100001,Emma,53,female,international
1,100002,Oliver,66,male,international
2,100003,Michael,43,male,international
3,100004,Emma,84,female,international
4,100005,Shaheen,57,female,national
5,100006,Ahmed,22,male,national
6,100007,Emma,35,male,international
7,100008,Khalid,53,male,national
8,100009,John,33,female,international
9,100010,Emily,37,male,international
10,100011,Meena,25,female,national
11,100012,Ishika,25,female,national
12,100013,Emily,38,female,international
13,100014,Priya,67,male,national
14,100015,Tanya,50,female,national
15,100016,Krishna,54,female,national
16,100017,Madhavi,38,male,national
17,100018,Sameer,17,male,national
18,100019,James,36,male,international
19,100020,Zara,67,male,national
20,100021,Sanya,16,male,national
21,100022,David,38,female,international
22,100023,James,58,female,international
23,100024,Lalita,87,male,national
24,100025,Suraj,52,female,national
25,100026,Shafi,16,male,national
26,100027,Oliver,35,female,international
27,100028,Michael,47,female,international
28,100029,Fatima,26,female,national
29,100030,Michael,36,female,international
30,100031,Sophia,58,female,international
31,100032,Mujahid,39,male,national
32,100033,Aditya,63,female,national
33,100034,Krishna,41,female,national
34,100035,Azhar,56,female,national
35,100036,Oliver,42,male,international
36,100037,Junaid,30,male,national
37,100038,Gaurav,29,female,national
38,100039,David,61,female,international
39,100040,Emma,65,female,international
40,100041,Samira,58,female,national
41,100042,James,69,male,international
42,100043,Sana,66,male,national
43,100044,John,17,female,international
44,100045,Asma,51,male,national
45,100046,Azhar,65,male,national
46,100047,Ayaan,21,female,national
47,100048,Priya,35,male,national
48,100049,Oliver,23,female,international
49,100050,John,53,female,international
50,100051,David,32,female,international
51,100052,John,18,female,international
52,100053,Kiran,39,male,national
53,100054,James,28,female,international
54,100055,Omar,64,female,national
55,100056,Emma,23,female,international
56,100057,James,40,male,international
57,100058,Kiran,67,female,national
58,100059,Safa,16,male,national
59,100060,Yusuf,34,female,national
60,100061,Emily,42,female,international
61,100062,Rohit,61,female,national
62,100063,Sameer,21,female,national
63,100064,Ahmed,58,female,national
64,100065,Emma,22,female,international
65,100066,John,61,male,international
66,100067,Sana,49,female,national
67,100068,Maryam,28,male,national
68,100069,Fatima,31,male,national
69,100070,Ruqaiya,50,female,national
70,100071,John,64,male,international
71,100072,Daniel,54,female,international
72,100073,Safa,18,male,national
73,100074,Ananya,16,male,national
74,100075,Alice,20,male,international
75,100076,James,68,female,international
76,100077,James,56,female,international
77,100078,Ananya,18,female,national
78,100079,Imran,68,female,national
79,100080,Suraj,43,female,national
80,100081,Junaid,32,male,national
81,100082,James,40,female,international
82,100083,Aarav,98,female,national
83,100084,Oliver,48,male,international
84,100085,Aman,24,female,national
85,100086,Sanya,50,female,national
86,100087,John,28,female,international
87,100088,Emma,45,female,international
88,100089,Priya,62,female,national
89,100090,Gaurav,29,male,national
90,100091,Meena,22,female,national
91,100092,Kiran,28,female,national
92,100093,David,37,male,international
93,100094,David,54,female,international
94,100095,Mujahid,35,female,national
95,100096,Tariq,30,male,national
96,100097,Gaurav,59,male,national
97,100098,Sophia,32,female,international
98,100099,Zaid,61,female,national
99,100100,Daniel,67,female,international
100,100101,Sophia,38,female,international
101,100102,Ishika,40,female,national
102,100103,Yusuf,39,female,national
103,100104,David,59,male,international
104,100105,Sanya,55,female,national
105,100106,David,43,female,international
106,100107,Oliver,29,male,international
107,100108,James,59,male,international
108,100109,Gaurav,15,male,national
109,100110,James,39,female,international
110,100111,Yusuf,21,female,national
111,100112,Daniel,23,female,international
112,100113,Junaid,38,male,national
113,100114,Ruqaiya,15,male,national
114,100115,Aman,58,female,national
115,100116,Rajesh,77,female,national
116,100117,Ibrahim,38,female,national
117,100118,Zara,25,male,national
118,100119,Asma,65,female,national
119,100120,Sameer,31,female,national
120,100121,Zainab,22,female,national
121,100122,Sophia,89,female,international
122,100123,Zara,49,female,national
123,100124,Sneha,47,male,national
124,100125,Alice,19,female,international
125,100126,Ravi,56,male,national
126,100127,Fatima,53,male,national
127,100128,James,55,female,international
128,100129,Amrita,42,female,national
129,100130,Madhavi,21,female,national
130,100131,Sophia,77,female,international
131,100132,Kiran,22,female,national
132,100133,Yusuf,26,female,national
133,100134,Emma,48,female,international
134,100135,Emily,47,female,international
135,100136,Ruqaiya,62,female,national
136,100137,Daniel,73,female,international
137,100138,Yusuf,37,male,national
138,100139,James,38,male,international
139,100140,John,51,female,international
140,100141,Emily,49,female,international
141,100142,Meena,58,male,national
142,100143,David,54,male,international
143,100144,Amrita,36,male,national
144,100145,Madhavi,41,male,national
145,100146,Shankar,49,female,national
146,100147,Emily,15,male,international
147,100148,Omar,49,female,national
148,100149,David,51,female,international
149,100150,Vivaan,61,female,national
150,100151,Shafi,28,male,national
151,100152,Sanya,17,female,national
152,100153,Bilal,15,female,national
153,100154,Ayesha,19,female,national
154,100155,Sneha,40,female,national
155,100156,Khalid,69,female,national
156,100157,Sophia,28,female,international
157,100158,Krishna,53,female,national
158,100159,Rakesh,80,male,national
159,100160,Azhar,23,female,national
160,100161,Michael,29,female,international
161,100162,Shaheen,29,male,national
162,100163,Sophia,40,female,international
163,100164,Gaurav,56,female,national
164,100165,David,27,female,international
165,100166,Maryam,65,female,national
166,100167,John,46,female,international
167,100168,Faizan,53,male,national
168,100169,Feroz,63,female,national
169,100170,Sophia,66,female,international
170,100171,Gaurav,46,male,national
171,100172,Khalid,18,female,national
172,100173,Salma,44,male,national
173,100174,Sameer,51,female,national
174,100175,Junaid,37,female,national
175,100176,Zaid,53,female,national
176,100177,Ruqaiya,59,female,national
177,100178,Fatima,29,male,national
178,100179,Neha,57,female,national
179,100180,Alice,43,male,international
180,100181,David,50,female,international
181,100182,David,27,female,international
182,100183,Deepak,91,female,national
183,100184,Emma,21,female,international
184,100185,Ayaan,65,female,national
185,100186,John,36,male,international
186,100187,James,42,male,international
187,100188,Nadia,16,female,national
188,100189,Rakesh,56,male,national
189,100190,Ibrahim,59,female,national
190,100191,Michael,67,female,international
191,100192,David,20,male,international
192,100193,Sophia,42,female,international
193,100194,Emily,89,female,international
194,100195,John,58,female,international
195,100196,Shafi,58,male,national
196,100197,Zara,34,male,national
197,100198,Alice,44,female,international
198,100199,Sophia,25,female,international
199,100200,Suraj,69,male,national
200,100201,Yusuf,42,male,national
201,100202,Emma,39,male,international
202,100203,Ananya,53,female,national
203,100204,Anand,47,male,national
204,100205,Alice,15,male,international
205,100206,Daniel,41,female,international
206,100207,Mujahid,66,female,national
207,100208,Ishika,27,male,national
208,100209,Shafi,55,female,national
209,100210,Asma,17,male,national
210,100211,Shafi,53,male,national
211,100212,Gaurav,20,female,national
212,100213,Vihaan,22,female,national
213,100214,Ravi,41,female,national
214,100215,Emma,23,male,international
215,100216,Alice,51,female,international
216,100217,Anand,47,female,national
217,100218,Ayaan,65,female,national
218,100219,Imran,56,female,national
219,100220,Gaurav,58,male,national
220,100221,Feroz,38,female,national
221,100222,David,29,female,international
222,100223,Emma,68,female,international
223,100224,Alice,46,male,international
224,100225,Lalita,46,female,national
225,100226,Kiran,38,female,national
226,100227,Rakesh,55,female,national
227,100228,Alice,66,female,international
228,100229,Michael,71,female,international
229,100230,Emily,63,female,international
230,100231,James,66,female,international
231,100232,David,26,female,international
232,100233,Emma,53,female,international
233,100234,Vihaan,16,male,national
234,100235,Kavya,17,male,national
235,100236,Sanya,96,male,national
236,100237,Fatima,51,male,national
237,100238,Priya,63,female,national
238,100239,Sophia,31,male,international
239,100240,Junaid,63,female,national
240,100241,Feroz,16,female,national
241,100242,Daniel,16,male,international
242,100243,Khalid,42,female,national
243,100244,Sophia,68,male,international
244,100245,Salma,37,male,national
245,100246,Deepak,51,male,national
246,100247,Azhar,46,female,national
247,100248,Maryam,47,female,national
248,100249,Aman,15,male,national
249,100250,Zaid,33,male,national
250,100251,Junaid,16,male,national
251,100252,Ravi,67,male,national
252,100253,Fatima,58,female,national
253,100254,Alice,99,male,international
254,100255,Alice,46,female,international
255,100256,Neha,20,male,national
256,100257,Zaid,46,female,national
257,100258,Kavya,69,female,national
258,100259,Sana,18,female,national
259,100260,Michael,69,male,international
260,100261,Oliver,25,female,international
261,100262,Vivaan,31,male,national
262,100263,Ibrahim,52,female,national
263,100264,Anand,38,female,national
264,100265,Michael,19,female,international
265,100266,Deepak,66,female,national
266,100267,Michael,48,male,international
267,100268,Michael,20,female,international
268,100269,Rohit,36,female,national
269,100270,Anand,25,male,national
270,100271,John,62,male,international
271,100272,Ruqaiya,30,male,national
272,100273,Vihaan,47,female,national
273,100274,David,23,female,international
274,100275,Aryan,20,female,national
275,100276,John,30,female,international
276,100277,Aarav,43,female,national
277,100278,Shafi,17,female,national
278,100279,Rajesh,34,female,national
279,100280,Ayaan,50,male,national
280,100281,Ishika,33,female,national
281,100282,Vihaan,40,female,national
282,100283,Emma,88,female,international
283,100284,Emily,33,male,international
284,100285,Emily,34,male,international
285,100286,Junaid,46,female,national
286,100287,Samira,21,female,national
287,100288,Emily,66,female,international
288,100289,Samira,55,male,national
289,100290,Kavya,47,male,national
290,100291,John,54,male,international
291,100292,Daniel,53,male,international
292,100293,Junaid,32,female,national
293,100294,John,54,female,international
294,100295,Kiran,15,male,national
295,100296,Safa,25,female,national
296,100297,Emily,42,male,international
297,100298,Sameer,39,female,national
298,100299,Sana,64,female,national
299,100300,Rohit,37,male,national
300,100301,Sophia,45,male,international
301,100302,Vihaan,44,female,national
302,100303,Azhar,56,female,national
303,100304,Oliver,49,male,international
304,100305,Alice,21,male,international
305,100306,Azhar,76,female,national
306,100307,David,40,female,international
307,100308,Samira,62,male,national
308,100309,Emma,66,male,international
309,100310,Anand,63,male,national
310,100311,Emily,16,male,international
311,100312,Daniel,15,female,international
312,100313,Michael,62,female,international
313,100314,Junaid,26,female,national
314,100315,Madhavi,19,male,national
315,100316,Mujahid,51,female,national
316,100317,Zainab,46,male,national
317,100318,Asma,69,male,national
318,100319,Rohit,23,female,national
319,100320,Yusuf,55,male,national
320,100321,David,49,female,international
321,100322,Ayesha,33,female,national
322,100323,James,62,female,international
323,100324,Aditya,30,female,national
324,100325,Aditya,17,female,national
325,100326,Fatima,34,female,national
326,100327,Alice,38,female,international
327,100328,Tanya,68,female,national
328,100329,Rajesh,47,female,national
329,100330,Daniel,38,female,international
330,100331,Feroz,66,female,national
331,100332,Madhavi,25,male,national
332,100333,Ruqaiya,63,male,national
333,100334,Emma,22,female,international
334,100335,John,50,male,international
335,100336,Azhar,52,male,national
336,100337,Bilal,54,female,national
337,100338,Rajesh,34,female,national
338,100339,Michael,49,female,international
339,100340,Lalita,62,male,national
340,100341,Ibrahim,39,female,national
341,100342,Siddharth,49,female,national
342,100343,Alice,39,male,international
343,100344,Shankar,43,male,national
344,100345,Khalid,32,female,national
345,100346,Anand,60,female,national
346,100347,Ruqaiya,32,female,national
347,100348,Oliver,16,female,international
348,100349,Daniel,68,male,international
349,100350,Rakesh,49,male,national
350,100351,David,30,female,international
351,100352,Krishna,55,male,national
352,100353,Sameer,50,male,national
353,100354,Shaheen,47,male,national
354,100355,Bilal,88,female,national
355,100356,Krishna,47,male,national
356,100357,Rajesh,84,female,national
357,100358,Emma,35,male,international
358,100359,Vihaan,62,female,national
359,100360,John,34,male,international
360,100361,Amrita,22,female,national
361,100362,Michael,21,male,international
362,100363,Safa,17,female,national
363,100364,Yusuf,31,female,national
364,100365,Siddharth,47,male,national
365,100366,Asma,62,female,national
366,100367,Nadia,26,male,national
367,100368,Oliver,65,female,international
368,100369,Akash,36,female,national
369,100370,Vihaan,69,female,national
370,100371,Shankar,36,female,national
371,100372,John,60,female,international
372,100373,Emily,44,female,international
373,100374,Junaid,52,female,national
374,100375,Emma,52,male,international
375,100376,Azhar,59,female,national
376,100377,Safa,65,female,national
377,100378,Zaid,68,female,national
378,100379,Emily,22,male,international
379,100380,Safa,41,female,national
380,100381,Sanya,41,female,national
381,100382,Oliver,48,male,international
382,100383,Samira,35,female,national
383,100384,David,44,female,international
384,100385,Priya,99,female,national
385,100386,Azhar,42,female,national
386,100387,Aarav,94,female,national
387,100388,Sanya,47,male,national
388,100389,Shankar,79,male,national
389,100390,Shankar,62,female,national
390,100391,Ahmed,33,female,national
391,100392,Fatima,71,female,national
392,100393,Kiran,49,male,national
393,100394,Emma,63,male,international
394,100395,Vihaan,31,female,national
395,100396,Imran,58,male,national
396,100397,Michael,42,female,international
397,100398,Daniel,44,female,international
398,100399,Alice,43,male,international
399,100400,Neha,60,female,national
400,100401,John,67,male,international
401,100402,Ayaan,20,male,national
402,100403,Shaheen,97,female,national
403,100404,Ravi,55,female,national
404,100405,Khalid,51,male,national
405,100406,Khalid,38,female,national
406,100407,Sameer,43,female,national
407,100408,Emma,63,female,international
408,100409,Fatima,60,female,national
409,100410,Ayaan,67,female,national
410,100411,Omar,45,female,national
411,100412,James,49,female,international
412,100413,Alice,47,male,international
413,100414,Madhavi,66,female,national
414,100415,Priya,35,female,national
415,100416,Khalid,46,female,national
416,100417,Samira,37,female,national
417,100418,Neha,47,male,national
418,100419,Asma,17,male,national
419,100420,Ibrahim,32,female,national
420,100421,Nadia,39,male,national
421,100422,Aditya,56,male,national
422,100423,Emily,45,female,international
423,100424,Daniel,68,female,international
424,100425,Akash,17,male,national
425,100426,Bilal,54,female,national
426,100427,Sophia,60,female,international
427,100428,Aryan,38,female,national
428,100429,Ishika,64,male,national
429,100430,Krishna,46,female,national
430,100431,Sophia,61,female,international
431,100432,Emily,36,male,international
432,100433,Kavya,37,female,national
433,100434,James,16,female,international
434,100435,Nadia,74,female,national
435,100436,Oliver,56,female,international
436,100437,Feroz,16,female,national
437,100438,Oliver,40,female,international
438,100439,Ruqaiya,31,male,national
439,100440,Alice,54,male,international
440,100441,Gaurav,47,female,national
441,100442,Kiran,23,female,national
442,100443,Salma,57,female,national
443,100444,Shafi,68,male,national
444,100445,Khalid,62,male,national
445,100446,Siddharth,53,female,national
446,100447,Emily,43,male,international
447,100448,Junaid,56,female,national
448,100449,Zara,69,female,national
449,100450,Siddharth,40,male,national
450,100451,Sana,49,female,national
451,100452,Emily,64,female,international
452,100453,Oliver,39,female,international
453,100454,Emma,38,female,international
454,100455,Khalid,27,female,national
455,100456,John,21,female,international
456,100457,Shaheen,50,male,national
457,100458,Michael,59,male,international
458,100459,Azhar,34,male,national
459,100460,Samira,95,female,national
460,100461,Kavya,22,male,national
461,100462,Gaurav,60,female,national
462,100463,Anand,30,male,national
463,100464,Sameer,28,female,national
464,100465,Sneha,26,female,national
465,100466,Sophia,65,female,international
466,100467,Priya,37,male,national
467,100468,James,29,female,international
468,100469,Samira,42,male,national
469,100470,Oliver,48,male,international
470,100471,Siddharth,16,female,national
471,100472,Shaheen,93,female,national
472,100473,Zainab,37,male,national
473,100474,Nadia,36,female,national
474,100475,Feroz,94,male,national
475,100476,John,39,female,international
476,100477,Alice,36,male,international
477,100478,Rohit,36,female,national
478,100479,Tanya,63,male,national
479,100480,Emma,66,female,international
480,100481,Maryam,56,female,national
481,100482,Oliver,20,female,international
482,100483,Rohit,29,female,national
483,100484,Rajesh,68,female,national
484,100485,Sophia,57,male,international
485,100486,Ahmed,51,male,national
486,100487,Emma,47,male,international
487,100488,Rakesh,22,male,national
488,100489,Emily,67,female,international
489,100490,Imran,58,male,national
490,100491,Salma,58,male,national
491,100492,Mujahid,19,female,national
492,100493,Lalita,53,female,national
493,100494,Daniel,18,female,international
494,100495,Meena,20,female,national
495,100496,Emma,59,female,international
496,100497,Alice,46,male,international
497,100498,Siddharth,66,female,national
498,100499,Omar,44,male,national
499,100500,Rohit,61,female,national
500,100501,Zaid,49,male,national
501,100502,Vihaan,69,female,national
502,100503,Aditya,54,male,national
503,100504,Ruqaiya,66,female,national
504,100505,Sneha,30,male,national
505,100506,Daniel,27,male,international
506,100507,Lalita,64,female,national
507,100508,Faizan,56,female,national
508,100509,Sophia,44,female,international
509,100510,Emma,33,male,international
510,100511,Krishna,31,male,national
511,100512,Deepak,33,male,national
512,100513,Oliver,42,female,international
513,100514,Amrita,69,male,national
514,100515,Zara,40,female,national
515,100516,Bilal,51,female,national
516,100517,Michael,40,female,international
517,100518,Azhar,67,male,national
518,100519,Nadia,37,female,national
519,100520,James,23,female,international
520,100521,Tanya,26,female,national
521,100522,Sanya,67,female,national
522,100523,Faizan,15,female,national
523,100524,Siddharth,15,female,national
524,100525,Oliver,61,female,international
525,100526,Junaid,48,female,national
526,100527,Nadia,46,male,national
527,100528,Samira,68,male,national
528,100529,Emma,62,female,international
529,100530,Deepak,39,male,national
530,100531,Anand,54,female,national
531,100532,Sophia,59,female,international
532,100533,Zara,67,male,national
533,100534,James,15,male,international
534,100535,Imran,30,female,national
535,100536,Aman,53,female,national
536,100537,Emily,19,female,international
537,100538,Sana,36,female,national
538,100539,Ishika,43,female,national
539,100540,Faizan,69,female,national
540,100541,Sophia,17,female,international
541,100542,Sana,71,female,national
542,100543,Deepak,40,male,national
543,100544,Faizan,30,female,national
544,100545,Shaheen,86,female,national
545,100546,Madhavi,51,male,national
546,100547,Neha,36,female,national
547,100548,Alice,43,male,international
548,100549,Neha,28,female,national
549,100550,Siddharth,42,female,national
550,100551,Aarav,92,male,national
551,100552,Shaheen,61,female,national
552,100553,Deepak,72,female,national
553,100554,Alice,44,female,international
554,100555,Vihaan,60,female,national
555,100556,Sanya,66,female,national
556,100557,Sameer,19,female,national
557,100558,Shankar,71,female,national
558,100559,James,30,male,international
559,100560,Azhar,40,female,national
560,100561,Akash,40,female,national
561,100562,Aarav,62,male,national
562,100563,Zaid,35,female,national
563,100564,Tanya,53,female,national
564,100565,Oliver,50,female,international
565,100566,Emma,47,female,international
566,100567,Shankar,44,female,national
567,100568,Ibrahim,51,male,national
568,100569,Fatima,37,female,national
569,100570,Priya,24,female,national
570,100571,Salma,68,female,national
571,100572,James,19,female,international
572,100573,Aryan,50,female,national
573,100574,Azhar,48,female,national
574,100575,John,66,female,international
575,100576,Daniel,45,female,international
576,100577,Michael,24,female,international
577,100578,Sophia,33,female,international
578,100579,Safa,46,female,national
579,100580,Rakesh,15,male,national
580,100581,Ibrahim,19,male,national
581,100582,Emma,59,female,international
582,100583,Lalita,18,female,national
583,100584,Emily,30,female,international
584,100585,Alice,38,female,international
585,100586,Kavya,30,female,national
586,100587,Daniel,69,male,international
587,100588,Daniel,16,female,international
588,100589,John,63,female,international
589,100590,Ruqaiya,42,female,national
590,100591,Zara,46,female,national
591,100592,Emma,41,female,international
592,100593,Maryam,34,male,national
593,100594,John,38,female,international
594,100595,Shafi,26,female,national
595,100596,Siddharth,64,male,national
596,100597,Amrita,49,female,national
597,100598,Emily,47,female,international
598,100599,Alice,47,female,international
599,100600,Vivaan,65,female,national
600,100601,Imran,57,female,national
601,100602,Mujahid,51,female,national
602,100603,Sophia,26,female,international
603,100604,James,17,female,international
604,100605,James,15,female,international
605,100606,Sophia,47,male,international
606,100607,Aditya,54,female,national
607,100608,James,24,female,international
608,100609,Sanya,57,female,national
609,100610,Vivaan,58,male,national
610,100611,Akash,43,female,national
611,100612,Rohit,27,male,national
612,100613,Samira,26,female,national
613,100614,Mujahid,45,female,national
614,100615,James,60,female,international
615,100616,Zara,16,female,national
616,100617,Michael,65,female,international
617,100618,Bilal,64,female,national
618,100619,Ravi,49,male,national
619,100620,Alice,37,male,international
620,100621,Fatima,31,female,national
621,100622,Safa,40,female,national
622,100623,Asma,22,male,national
623,100624,Faizan,43,male,national
624,100625,Yusuf,40,male,national
625,100626,Kiran,24,male,national
626,100627,James,40,male,international
627,100628,Shaheen,48,male,national
628,100629,David,65,female,international
629,100630,Amrita,55,female,national
630,100631,Sana,21,male,national
631,100632,Azhar,18,female,national
632,100633,Tanya,67,female,national
633,100634,Yusuf,64,female,national
634,100635,Aditya,59,female,national
635,100636,Feroz,25,male,national
636,100637,Ahmed,43,female,national
637,100638,Azhar,50,female,national
638,100639,Emma,39,female,international
639,100640,Aman,35,female,national
640,100641,Bilal,50,female,national
641,100642,Zara,24,male,national
642,100643,Alice,51,male,international
643,100644,Emma,23,female,international
644,100645,Salma,38,female,national
645,100646,Aditya,49,male,national
646,100647,Emma,63,male,international
647,100648,Samira,49,female,national
648,100649,Sophia,62,male,international
649,100650,Vihaan,50,male,national
650,100651,James,32,female,international
651,100652,Vihaan,63,female,national
652,100653,Priya,53,female,national
653,100654,Alice,46,male,international
654,100655,Zainab,38,female,national
655,100656,John,37,male,international
656,100657,Sophia,46,male,international
657,100658,James,51,female,international
658,100659,Bilal,26,male,national
659,100660,Nadia,63,female,national
660,100661,Rajesh,69,female,national
661,100662,Sneha,27,female,national
662,100663,Zainab,37,female,national
663,100664,Salma,39,female,national
664,100665,Ibrahim,49,female,national
665,100666,Aarav,55,female,national
666,100667,Sophia,44,female,international
667,100668,Samira,31,female,national
668,100669,Shaheen,63,female,national
669,100670,Emily,89,female,international
670,100671,Nadia,62,female,national
671,100672,Sameer,39,female,national
672,100673,Zaid,36,male,national
673,100674,David,27,female,international
674,100675,James,33,female,international
675,100676,Aryan,63,female,national
676,100677,Ravi,50,female,national
677,100678,Gaurav,77,male,national
678,100679,Akash,55,female,national
679,100680,James,33,female,international
680,100681,Anand,26,female,national
681,100682,Alice,23,female,international
682,100683,Alice,21,female,international
683,100684,Emily,42,male,international
684,100685,Daniel,28,female,international
685,100686,Faizan,45,female,national
686,100687,Ruqaiya,66,male,national
687,100688,Aman,33,female,national
688,100689,Sophia,61,female,international
689,100690,Samira,97,male,national
690,100691,Aryan,67,female,national
691,100692,Anand,19,female,national
692,100693,Priya,49,female,national
693,100694,Ayaan,26,female,national
694,100695,Imran,39,male,national
695,100696,Alice,66,male,international
696,100697,Shafi,35,male,national
697,100698,Sophia,50,male,international
698,100699,Emily,67,female,international
699,100700,Sanya,98,female,national
700,100701,Sameer,30,male,national
701,100702,James,53,female,international
702,100703,Emma,59,male,international
703,100704,Mujahid,67,male,national
704,100705,Emily,56,female,international
705,100706,Rohit,53,female,national
706,100707,Emily,28,female,international
707,100708,Junaid,45,female,national
708,100709,Daniel,19,female,international
709,100710,Ayesha,49,female,national
710,100711,Oliver,37,male,international
711,100712,Shankar,43,male,national
712,100713,Madhavi,57,female,national
713,100714,John,25,female,international
714,100715,Sneha,32,female,national
715,100716,Sanya,61,female,national
716,100717,Krishna,26,male,national
717,100718,Shaheen,23,female,national
718,100719,Michael,24,female,international
719,100720,Samira,58,female,national
720,100721,Ruqaiya,31,male,national
721,100722,Ishika,52,female,national
722,100723,Meena,21,female,national
723,100724,David,60,female,international
724,100725,Meena,27,female,national
725,100726,Azhar,54,female,national
726,100727,Emily,56,female,international
727,100728,Sophia,23,female,international
728,100729,Oliver,64,female,international
729,100730,Krishna,41,female,national
730,100731,Oliver,16,male,international
731,100732,Oliver,19,female,international
732,100733,Mujahid,43,male,national
733,100734,John,51,female,international
734,100735,Aditya,52,female,national
735,100736,Kavya,33,female,national
736,100737,Oliver,94,male,international
737,100738,Salma,62,female,national
738,100739,Shankar,59,female,national
739,100740,Emma,15,female,international
740,100741,John,36,female,international
741,100742,Faizan,66,female,national
742,100743,Daniel,96,female,international
743,100744,Salma,21,male,national
744,100745,Tariq,39,female,national
745,100746,Anand,93,male,national
746,100747,Emma,18,female,international
747,100748,Junaid,50,female,national
748,100749,Aman,20,male,national
749,100750,Krishna,45,female,national
750,100751,Safa,33,female,national
751,100752,Junaid,58,female,national
752,100753,Rohit,68,female,national
753,100754,Sophia,53,male,international
754,100755,Ruqaiya,41,male,national
755,100756,Alice,24,female,international
756,100757,Alice,40,female,international
757,100758,Ayesha,33,male,national
758,100759,Samira,53,female,national
759,100760,Emily,17,male,international
760,100761,Ibrahim,59,male,national
761,100762,Fatima,27,female,national
762,100763,Junaid,64,female,national
763,100764,Vihaan,42,female,national
764,100765,Vivaan,34,male,national
765,100766,Zainab,42,female,national
766,100767,Emma,22,female,international
767,100768,Kavya,55,female,national
768,100769,Deepak,53,female,national
769,100770,Shaheen,15,female,national
770,100771,Alice,17,female,international
771,100772,Shankar,27,female,national
772,100773,Kiran,42,male,national
773,100774,James,63,female,international
774,100775,Faizan,77,male,national
775,100776,Tariq,47,female,national
776,100777,Aditya,52,female,national
777,100778,Samira,67,male,national
778,100779,Ibrahim,20,female,national
779,100780,Rajesh,58,male,national
780,100781,Zara,59,female,national
781,100782,Sanya,46,male,national
782,100783,Azhar,59,female,national
783,100784,James,80,male,international
784,100785,Imran,35,male,national
785,100786,Ravi,30,male,national
786,100787,Madhavi,68,male,national
787,100788,Akash,35,male,national
788,100789,Asma,25,female,national
789,100790,Nadia,51,male,national
790,100791,Bilal,50,male,national
791,100792,Neha,49,male,national
792,100793,Rajesh,33,female,national
793,100794,Michael,34,female,international
794,100795,Imran,32,male,national
795,100796,Sana,61,female,national
796,100797,Samira,55,male,national
797,100798,Nadia,63,female,national
798,100799,David,28,female,international
799,100800,Oliver,29,female,international
800,100801,Vihaan,45,female,national
801,100802,Neha,15,male,national
802,100803,Shafi,67,female,national
803,100804,Imran,68,female,national
804,100805,Nadia,68,female,national
805,100806,Ananya,17,female,national
806,100807,Daniel,30,male,international
807,100808,Samira,37,male,national
808,100809,Vivaan,25,female,national
809,100810,Vihaan,26,male,national
810,100811,Alice,24,female,international
811,100812,Samira,46,male,national
812,100813,Ayesha,30,female,national
813,100814,Daniel,22,female,international
814,100815,Rohit,52,female,national
815,100816,Alice,26,female,international
816,100817,Neha,38,female,national
817,100818,David,42,female,international
818,100819,Alice,67,male,international
819,100820,Daniel,22,male,international
820,100821,James,42,female,international
821,100822,Oliver,50,female,international
822,100823,Tariq,40,female,national
823,100824,Siddharth,22,male,national
824,100825,Feroz,64,male,national
825,100826,Madhavi,42,female,national
826,100827,David,42,female,international
827,100828,John,51,female,international
828,100829,James,55,female,international
829,100830,Salma,50,male,national
830,100831,Oliver,41,female,international
831,100832,Amrita,68,male,national
832,100833,Rajesh,31,female,national
833,100834,Omar,23,female,national
834,100835,Oliver,47,female,international
835,100836,Ayesha,67,female,national
836,100837,Michael,34,female,international
837,100838,Rajesh,27,male,national
838,100839,Emily,42,female,international
839,100840,Aarav,62,female,national
840,100841,Yusuf,43,female,national
841,100842,Ayesha,27,male,national
842,100843,Sameer,60,female,national
843,100844,Madhavi,77,female,national
844,100845,Oliver,20,male,international
845,100846,Ruqaiya,32,female,national
846,100847,John,65,female,international
847,100848,Sophia,19,female,international
848,100849,Michael,61,female,international
849,100850,Alice,39,female,international
850,100851,James,16,male,international
851,100852,Emma,24,female,international
852,100853,Omar,44,male,national
853,100854,Shaheen,64,female,national
854,100855,Alice,82,female,international
855,100856,Alice,19,female,international
856,100857,David,69,female,international
857,100858,James,47,female,international
858,100859,Kavya,68,female,national
859,100860,Ishika,15,female,national
860,100861,David,32,female,international
861,100862,Kavya,46,female,national
862,100863,Nadia,61,female,national
863,100864,Sameer,63,female,national
864,100865,Aman,25,female,national
865,100866,James,35,female,international
866,100867,Tariq,40,male,national
867,100868,Imran,39,male,national
868,100869,David,36,female,international
869,100870,Fatima,41,female,national
870,100871,Daniel,63,male,international
871,100872,Faizan,27,female,national
872,100873,Mujahid,47,female,national
873,100874,Nadia,48,female,national
874,100875,Sanya,55,female,national
875,100876,Sanya,49,female,national
876,100877,Emily,15,female,international
877,100878,Shaheen,35,male,national
878,100879,Salma,62,female,national
879,100880,Asma,69,female,national
880,100881,Zaid,71,male,national
881,100882,Deepak,42,female,national
882,100883,David,31,male,international
883,100884,David,19,female,international
884,100885,Aryan,45,female,national
885,100886,Oliver,19,female,international
886,100887,Priya,52,female,national
887,100888,Lalita,17,female,national
888,100889,Michael,67,female,international
889,100890,Michael,37,female,international
890,100891,Aryan,91,female,national
891,100892,Yusuf,67,male,national
892,100893,James,51,female,international
893,100894,Lalita,24,male,national
894,100895,Aarav,24,male,national
895,100896,Sophia,76,male,international
896,100897,Salma,91,female,national
897,100898,Tariq,35,female,national
898,100899,Michael,28,female,international
899,100900,Yusuf,23,female,national
900,100901,Salma,60,male,national
901,100902,Suraj,15,female,national
902,100903,Meena,65,female,national
903,100904,Michael,59,female,international
904,100905,John,27,female,international
905,100906,Madhavi,18,female,national
906,100907,Suraj,15,female,national
907,100908,Deepak,63,male,national
908,100909,Shafi,54,male,national
909,100910,Omar,46,female,national
910,100911,David,48,male,international
911,100912,Aarav,42,female,national
912,100913,Khalid,45,female,national
913,100914,Emily,22,male,international
914,100915,Ahmed,53,female,national
915,100916,Salma,40,female,national
916,100917,Daniel,48,female,international
917,100918,Faizan,68,female,national
918,100919,Ravi,68,female,national
919,100920,James,17,female,international
920,100921,Zaid,64,female,national
921,100922,Rohit,26,female,national
922,100923,Amrita,15,female,national
923,100924,Salma,68,female,national
924,100925,Sameer,58,female,national
925,100926,Aarav,19,female,national
926,100927,Alice,44,female,international
927,100928,Khalid,44,female,national
928,100929,Michael,89,female,international
929,100930,Rakesh,62,female,national
930,100931,Emma,61,female,international
931,100932,Samira,37,female,national
932,100933,Sana,29,male,national
933,100934,Feroz,51,male,national
934,100935,Krishna,35,female,national
935,100936,Kiran,28,male,national
936,100937,Shaheen,16,female,national
937,100938,Aarav,25,male,national
938,100939,Zainab,65,female,national
939,100940,Gaurav,83,female,national
940,100941,Yusuf,52,female,national
941,100942,Khalid,48,male,national
942,100943,Oliver,52,male,international
943,100944,Ishika,64,male,national
944,100945,Alice,48,female,international
945,100946,Michael,32,female,international
946,100947,Lalita,44,female,national
947,100948,Gaurav,29,female,national
948,100949,Omar,41,female,national
949,100950,Feroz,65,female,national
950,100951,David,48,female,international
951,100952,Emily,66,female,international
952,100953,David,52,male,international
953,100954,Azhar,47,male,national
954,100955,Priya,38,female,national
955,100956,Kiran,29,male,national
956,100957,Gaurav,44,female,national
957,100958,Oliver,69,male,international
958,100959,Safa,56,female,national
959,100960,Daniel,94,male,international
960,100961,Nadia,31,female,national
961,100962,Michael,19,female,international
962,100963,Lalita,43,male,national
963,100964,Emily,18,female,international
964,100965,James,24,male,international
965,100966,Alice,31,male,international
966,100967,Suraj,24,female,national
967,100968,Emily,31,female,international
968,100969,Deepak,34,female,national
969,100970,Daniel,38,male,international
970,100971,Rajesh,19,female,national
971,100972,Sophia,48,female,international
972,100973,Rohit,20,male,national
973,100974,James,67,male,international
974,100975,Lalita,16,female,national
975,100976,Aman,27,female,national
976,100977,James,57,female,international
977,100978,Akash,57,female,national
978,100979,James,62,female,international
979,100980,Gaurav,25,female,national
980,100981,Sneha,65,male,national
981,100982,Junaid,61,male,national
982,100983,John,37,female,international
983,100984,James,69,female,international
984,100985,David,30,male,international
985,100986,John,45,male,international
986,100987,Maryam,25,female,national
987,100988,Amrita,70,female,national
988,100989,Rajesh,30,male,national
989,100990,Vivaan,22,female,national
990,100991,Bilal,18,female,national
991,100992,Emily,54,female,international
992,100993,John,18,male,international
993,100994,Suraj,39,male,national
994,100995,Zara,17,male,national
995,100996,Safa,46,female,national
996,100997,Shankar,17,female,national
997,100998,Shankar,41,male,national
998,100999,Emma,43,male,international
999,101000,Faizan,46,male,national
